MENTION,position,situation,votes,party,state,region,term,age,Twitter,twitter_followers,Facebook,facebook_followers,Instagram,instagram_followers,YouTube,youtube_link,youtube_followers,Site,variations
Margarida Salomão,Deputada Federal,Não está em exercício,,PT,MG,Sudeste,,,,,,,,,,,,,
Maria do Carmo Alves,Senadora,Não está em exercício,,PROGRESSISTAS,SE,Nordeste,,,,,,,,,,,,,
Gorete Pereira,Deputada Federal,Não está em exercício,,PL,CE,Nordeste,,,,,,,,,,,,,
Flavia Arruda,Deputada Federal,Titular em exercício,,PL,DF,Centro-Oeste,,,,,,,,,,,,,
Adriana Ventura,Deputada Federal,Titular em exercício,64.341,NOVO,SP,Sudeste,fev-2019/jan-2023,52,@adriventurasp,23.340,Adriana Ventura ,18.864,@adriventurasp,"17,3 mil",UC4CLvdtnUGoq39PYcToSOSw,https://www.youtube.com/channel/UC4CLvdtnUGoq39PYcToSOSw,1.320,,"Adriana Ventura, Adriana Miguel, Adriana Vemtura, adriventurasp"
Alê Silva,Deputada Federal,Titular em exercício,47.662,UNIÃO,MG,Sudeste,fev-2019/jan-2023,46,@alesilva_38,129.345,Alê Silva,81.887,@alesilva.oficial,"52, 7 mil",UCWGscB8R2ecnNrdr_UCmaRA,https://www.youtube.com/c/Al%C3%AASilvaOficial/videos,2.240,,"Alê Silva, AlêSilvaOficial, alesilva.oficial, @alesilva_38"
Alice Portugal,Deputada Federal,Titular em exercício,126.031,PCdoB,BA,Nordeste,fev-2019/jan-2023,61,@Alice_Portugal,25.475,Alice Portugal,79.222,@aliceportugal,"26,7 mil",UCwXQiSit2nn-ggtnVF-Hz0w,https://www.youtube.com/user/depaliceportugal,833,,"Alice Portugal, depaliceportugal, Alice_Portugal"
Aline Gurgel,Deputada Federal,Titular em exercício,16.519,REPUBLICANOS,AP,Norte,fev-2019/jan-2023,40,@dep_alinegurgel,5.438,Aline Gurgel,15.888,@dep_alinegurgel,"22,1 mil",UC7v2Ng9B1UAxhEypPw5cEag,https://www.youtube.com/channel/UC7v2Ng9B1UAxhEypPw5cEag,24,,"Aline Gurgel, dep_alinegurgel, Aline gurjel, Aline Paranhos Varonil, Alline Gurgel, Alinne Gurgel"
Aline Sleutjes,Deputada Federal,Titular em exercício,33.628,UNIÃO,PR,Sul,fev-2019/jan-2023,41,@AlineSleutjes,56.123,Deputada Federal Aline Sleutjes ,49.526,@alinesleutjes,"43,7 mil",UCcryiDLj86mGK2kPc4idoGg,https://www.youtube.com/c/AlineSleutjesOficial/videos,982,,"Aline Sleutjes, AlineSleutjesOficial        Aline Sletjes, Aline Sluetjes, Aline Sleutje, Aline Sleutjs, Aline Sluetjs,     Aline Sluetje, aline seutjes, aline sletjes, aline sleujes, aline sleutes"
Ângela Amin,Deputada Federal,Titular em exercício,86.189,PROGRESSISTAS,SC,Sul,fev-2019/jan-2023,67,@DeputadaAngela,713,Angela Amin ,18.163,@angelaaminoficial,"14,7 mil",UCL1HjOmp6cF9lekm8qmGxRA,https://www.youtube.com/channel/UCL1HjOmp6cF9lekm8qmGxRA,869,,"Ângela Amin, DeputadaAngela, angelaaminoficial, Angela Amim, Ângela amim, Angela Anim, Angela Anin"
Áurea Carolina,Deputada Federal,Titular em exercício,161.878,PSOL,MG,Sudeste,fev-2019/jan-2023,37,@aureacarolinax,84.750,Áurea Carolina ,57.647,@aureacarolina,102 mil,UC239_uqJp21Cymi5abxJdrw,https://www.youtube.com/c/%C3%81ureaCarolinax/videos,1.770,,"Áurea Carolina, aureacarolinax, Área Carolina , Áurea Karolina, Aura Carolina, aurea carol, auria carol"
Benedita da Silva,Deputada Federal,Titular em exercício,44.804,PT,RJ,Sudeste,fev-2019/jan-2023,78,@dasilvabenedita,132.768,Benedita da Silva ,144.064,@instadabene,159 mil,UCG_ROdLbFAP2xcdKHplyqKg,https://www.youtube.com/channel/UCG_ROdLbFAP2xcdKHplyqKg,3.090,,"Benedita da Silva, instadabene, dasilvabenedita, Beneditta da Silva        Benedita Silva, Bené da Silva"
Bia Cavassa,Deputada Federal,Suplente em exercício,17.834,PSDB,MS,Centro-Oeste,fev-2019/jan-2023,51,@BiaCavassa,523,Bia Cavassa,13.219,@biacavassa,3.115,Não tem,,,,"Bia Cavassa, Bia Cavasa, Bia Cavaça, Bia cassava, Bia caçava"
Bia Kicis,Deputada Federal,Titular em exercício,84.999,UNIÃO,DF,Centro-Oeste,fev-2019/jan-2023,59,@BiaKicis,740.565,Bia Kicis,764.512,@biakicis,763 mil,UCeCm6AiQfKamRlBHOGPNVOg,https://www.youtube.com/channel/UCeCm6AiQfKamRlBHOGPNVOg,208.000,,"Bia Kicis, Bia Kisses, Bia Kycis, Bia Kices, Bia Kyces, Bia Kiss, Bia Kics, Bia quicis, Bia kisis, Bia kissis"
Bruna Furlan,Deputada Federal,Titular em exercício,126.847,PSDB,SP,Sudeste,fev-2019/jan-2023,37,@DepBrunaFurlan,12.050,Bruna Furlan Deputada Federal  ,183.779,@depbrunafurlan,"39,7 mil",UCyuTseDpevq_N-qIw0yvctA,https://www.youtube.com/channel/UCyuTseDpevq_N-qIw0yvctA,143,,"Bruna Furlan, depbrunafurlan, Bruna Furlan Deputada Federal, Bruna Furlam, Bruna Frulam"
Carla Dickson,Deputada Federal,Suplente em exercício,60.590,PROS,RN,Nordeste,jun-2020/jan-2023,44,@carladicksonrn,705,Carla Dickson ,5.590,@carladicksonoficial,"36,5 mil",UCaI7dtELVVQdmLhzxmNQMcQ,https://www.youtube.com/channel/UCaI7dtELVVQdmLhzxmNQMcQ,1.040,,"Carla Dickson, carladicksonrn, carladicksonoficial, Carla Dikson, Carla Dicson, Carla Dicksson, Carla Dicsson, Carla Diksson, Carla Diquisson, Karla Dikson, karla Dickson,"
Carla Zambelli,Deputada Federal,Titular em exercício,76.306,UNIÃO,SP,Sudeste,fev-2019/jan-2023,40,@CarlaZambelli38,1.199.544,Carla Zambelli ,1.367.715,@carla.zambelli,"1,8M",UCX9VzlP1DyeasSivEr9Eddw,https://www.youtube.com/user/nasruastv,447,,"Carla Zambelli, CarlaZambelli38, carla.zambelli, nasruastv, Carla Zambeli, Zambelli, Zambeli, Karla Zambeli, Karla Zambelli, Carla Sambeli, Karla Sambeli"
Carmen Zanotto,Deputada Federal,Titular em exercício,,CIDADANIA,SC,Sul,,,@carmen_zanotto,1.189,Carmen Zanotto,,@carmenzanotto_lages,,UCzAS0CBecoZd41tyCclv19A,https://www.youtube.com/channel/UCzAS0CBecoZd41tyCclv19A,245,,"Carmen Zanotto, carmenzanotto_lages, carmen_zanotto, Carmem Zanotto, Carmem Zanoto, Carmen Zanoto, Carmem Sanoto, Carmen Sanoto"
Caroline de Toni,Deputada Federal,Titular em exercício,109.363,UNIÃO,SC,Sul,fev-2019/jan-2023,34,@CarolDeToni,397.024,Caroline De Toni,113.996,@carolinedetoni,323 mil,UC19ssAcZKcE2J6WL0C0FewQ,https://www.youtube.com/channel/UC19ssAcZKcE2J6WL0C0FewQ,33.800,,"Caroline de Toni, CarolDeToni, Carolini de Toni, Caroline detoni        Carolina de toni, Caroline Detone, Caroline di Toni, Caroline de Tone"
Celina Leão,Deputada Federal,Titular em exercício,31.610,PROGRESSISTAS,DF,Centro-Oeste,fev-2021/jan-2023,44,@celinaleao,7.259,Celina Leão ,105.371,@celinaleao,"61,5 mil",UCe0zsysxKAL7X0Fo0K-KeiA,https://www.youtube.com/c/BateBolacomCelinaLe%C3%A3o/videos,713,,"Celina Leão, BateBolacomCelinaLeão, Cellina Leão        Celine Leão, Selina Leão, Seline Leão"
Chris Tonietto,Deputada Federal,Titular em exercício,38.525,UNIÃO,RJ,Sudeste,fev-2019/jan-2023,29,@ToniettoChris,58.309,Chris Tonietto ,40.025,@christonietto,"58,9 mil",UCqqG6AaU2hm2vLhMir4Jdlw,https://www.youtube.com/channel/UCqqG6AaU2hm2vLhMir4Jdlw,6.560,,"Chris Tonietto, ToniettoChris, Cris Tonietto, Cris Tonieto, Chris Tonieto, Kris Tonieto        Kris Tonietto"
Christiane de Souza,Deputada Federal,Titular em exercício,107.636,PL,PR,Sul,fev-2019/jan-2023,60,@ChristianeYared,5.221,Christiane Yared ,52.472,@christianeyared,"12,8 mil",Não tem,,,,"Christiane de Souza Yared, Christiane Yared, Cristiane Yared        Cristiane Iared        Christiane Iared        Christiani Yared        Cristiani Iared        Cristiani Yared        "
Clarissa Garotinho,Deputada Federal,Titular em exercício,35.131,PROS,RJ,Sudeste,fev-2019/jan-2023,38,@dep_clarissa,15.400,Clarissa Garotinho ,159.359,@clarissagarotinho,"25,6 mil",UCjgvjLL-9W3CNhFwJy6G_9Q,https://www.youtube.com/user/ClarissaGarotinho1,2.370,,"Clarissa Garotinho, dep_clarissa, ClarissaGarotinho1, Clarissa Garotinha, Clarice Garotinho, Clarisse Garotinho, Filha do Garotinho, Clarisa Garotinho"
Daniela do Waguinho,Deputada Federal,Titular em exercício,136.286,MDB,RJ,Sudeste,fev-2019/jan-2023,44,@DanielaWaguinho,1.507,Daniela do Waguinho ,27.238,@deputadadanieladowaguinho,27 mil,UCcJwh4vp9ln3NkxLd0Fr5Bg,https://www.youtube.com/channel/UCcJwh4vp9ln3NkxLd0Fr5Bg/videos,152,,"Daniela do Waguinho, deputadadanieladowaguinho, Daniella do Waguinho        Daniella do Vaguinho        Daniela Waguinho        Daniela Vaguinho        Daniella Waguinho        Daniella Vaguinho        Danela do Vaguinho        Daniela do Vaguinho"
Soraya Manato,Deputada Federal,Titular em exercício,57.741,UNIÃO,ES,Sudeste,fev-2019/jan-2023,59,@DraManato,24.033,Dra. Soraya Manato ,36.437,@sorayamanato,"12, 9 mil",UCJCMYqf55b-YkRiDge87UTA,https://www.youtube.com/channel/UCJCMYqf55b-YkRiDge87UTA,14,,"Drª. Soraya Manato, DraManato, sorayamanato, Soraya Manato, Soraia Manato, Soraia Manatto,  Dra. Soraia Manato"
Dulce Miranda,Deputada Federal,Titular em exercício,40.719,MDB,TO,Norte,fev-2019/jan-2023,57,@dulcemiranda_to,8.385,Dulce Miranda ,15.617,@dulcemirandato,8.647,UCLjnywW_GGT9wQkbOabQoBQ,https://www.youtube.com/channel/UCLjnywW_GGT9wQkbOabQoBQ,4,,"Dulce Miranda, dulcemirandato, dulcemiranda_to, Duce miranda        Dulci Miranda"
Edna Henrique,Deputada Federal,Titular em exercício,69.935,PSDB,PB,Nordeste,fev-2019/jan-2023,62,-,-,Edna Henrique ,3.552,@ednahenriqueoficial,"12,6 mil",UCV6RGL_QKmQqNoOCIeSEOxg,https://www.youtube.com/user/ednahenrique45/videos,65,,"Edna Henrique, ednahenriqueoficial, ednahenrique45, Edina Miranda, Edyna Miranda, Edina Henrique, Edyna Henrique"
Elcione Barbalho,Deputada Federal,Titular em exercício,165.201,MDB,PA,Norte,fev-2019/jan-2023,76,@elcionepmdb,8.063,Elcione Barbalho ,41.471,@elcionebarbalho,28 mil,UC_tvrdbxj71F0EYpULUjgjQ,https://www.youtube.com/c/ElcioneBarbalho/videos,7,,"Elcione Barbalho, Elcyone Barbalho, Helcione Barbalho, Elcione Barbalio"
Erika Kokay,Deputada Federal,Titular em exercício,88.501,PT,DF,Centro-Oeste,fev-2019/jan-2023,63,@erikakokay,183.215,Erika Kokay ,228.678,@erikakokay,120 mil,UCitf7-v65PhuJE1jRrbDU_Q,https://www.youtube.com/user/ErikaKokay,2.008,,"Erika Kokay, Erica Cocai, Erica Cocay, Erika Cocai        Erika Kokai, Erica Kokay, Erica Cokay"
Fernanda Melchionna,Deputada Federal,Titular em exercício,114.302,PSOL,RS,Sul,fev-2019/jan-2023,36,@fernandapsol,121.244,Fernanda Melchionna,136.959,@fernandapsol,"96,7 mil",UC-3-otiFWQJrVwi22oce0oQ,https://www.youtube.com/channel/UC-3-otiFWQJrVwi22oce0oQ,7.990,,"Fernanda Melchionna, fernandapsol, Fernanda Melchiona, Fernanda Melciona, Fernanda Melcionna, Fernanda Melxiona"
Flávia Morais,Deputada Federal,Titular em exercício,149.966,PDT,GO,Centro-Oeste,fev-2019/jan-2023,51,@depflaviamorais,4.206,Flávia Morais ,64.629,@flaviamorais1212,"11, 2 mil",UCVdoYhBlbByrR6f1qp1M7tw,https://www.youtube.com/channel/UCVdoYhBlbByrR6f1qp1M7tw,9,,"Flávia Morais, flaviamorais1212, depflaviamorais, Flávia Moraes"
Flordelis,Deputada Federal,Titular em exercício,196.959,PSD,RJ,Sudeste,fev-2019/jan-2023,60,@depflordelis,132.648,Flordelis ,471.460,@flordeliscantora,950 mil,UCf6z0j0_-6gw8oq48ODPuQg,https://www.youtube.com/c/Flordelis/videos,317.000,,"Flordelis, flordeliscantora, depflordelis, Flor de Lis        Flordilis        Flor di Lis, Flordeliz, Flor de liz, flôr-delis"
Geovania de Sá,Deputada Federal,Titular em exercício,101.937,PSDB,SC,Sul,fev-2019/jan-2023,48,@geovaniadesa,4.590,Geovânia de Sá ,52.152,@geovaniasa,"32, 7 mil",UCU6PBrqY6yP7LFLwscjZYzQ,https://www.youtube.com/channel/UCU6PBrqY6yP7LFLwscjZYzQ,98,,"Geovania de Sá, Geovânia Sá, Geovana de Sá, Giovana de Sá        Giovânia de Sá, Giovanea de Sá, Giovania de Sá,Geovanea de Sá "
Gleisi Hoffmann,Deputada Federal,Titular em exercício,212.513,PT,PR,Sul,fev-2019/jan-2023,55,@gleisi,766.135,Gleisi Hoffmann ,1.333.000,@gleisihoffmann,449 mil,UCYrpiXO_4lmsDHO6Xidq9mw,https://www.youtube.com/user/agleisihoffmann,177.000,,"Gleisi Hoffmann, agleisihoffmann, Gleisi Hofmann, Gleisi Hofman, Gleisi Hoffman, Gleisi Rofiman, Gleice Rofiman,  Gleice Rofimam, Gleici Hoffmann, Gleisi Lula, Gleici Hofmann, Gleici Hofman, Gleici Hoffman, Gleise Hoffmann, Gleise Hofmann, Gleise Hofman, Gleise Hoffman"
Greyce Elias,Deputada Federal,Titular em exercício,37.501,AVANTE,MG,Sudeste,fev-2019/jan-2023,39,@greyceelias,519,Greyce Elias ,12.287,@greyceelias,"26,3 mil",UCcSZxLiSfO1dFmAryUnxPHg,https://www.youtube.com/channel/UCcSZxLiSfO1dFmAryUnxPHg/videos,8,,"Greyce Elias, Greice Elias, Gleyce Elias, Gleice Elias, Gleici Elias"
Iracema Portella,Deputada Federal,Titular em exercício,96.271,PROGRESSISTAS,PI,Nordeste,fev-2019/jan-2023,54,@iracemaportela,6.653,Iracema Portella ,74.205,@iracemaportella,"45,5 mil",UCmiZBVrSOc75n6Z0I0lLvdg,https://www.youtube.com/user/IracemaPortella,136,,"Iracema Portella, Iracema Portela, Yracema Portela, Yracema Portella"
Jandira Feghali,Deputada Federal,Titular em exercício,71.646,PCdoB,RJ,Sudeste,fev-2019/jan-2023,63,@jandira_feghali,440.635,Jandira Feghali,1.191.953,@jfeghali,445 mil,UC5WztziL5qYaHXCT97jMAPg,https://www.youtube.com/user/sigajandira,101.000,,"Jandira Feghali, sigajandira, jfeghali, jandira_feghali, Jandira Fegali, Jandhira Fegali, Jandhira Feghali"
Jaqueline Cassol,Deputada Federal,Titular em exercício,34.193,PROGRESSISTAS,RO,Norte,fev-2019/jan-2023,46,@jqcassol,1.309,Jaqueline Cassol ,25.663,@jaquelinecassol,"27,4 mil",UCIOJWd4xI1WzxTrD0z_YljQ,https://www.youtube.com/channel/UCIOJWd4xI1WzxTrD0z_YljQ,142,,"Jaqueline Cassol, jqcassol, Jaqueline Caçol, Jaqueline Casol"
Jéssica Sales,Deputada Federal,Titular em exercício,"28,717",MDB,AC,Norte,fev-2019/jan-2023,40,-,-,Jéssica Sales,19.712,@jessicasalesdeputada,"17,4 mil",Não tem,,,,"Jéssica Sales, jessicasalesdeputada, Jéssica Salles"
Joênia Wapichana,Deputada Federal,Titular em exercício,8.482,REDE,RR,Norte,fev-2019/jan-2023,46,@JoeniaWapichana,9.522,Joênia Wapichana ,20.612,@joeniawapichana,"36,2 mil",Não tem,,,,"Joênia Wapichana, Joênia Apichana, Joêna Apichana, Joêna Wapichana, Joenia Apixana, Joenia Wapixana, Joênia Uapichana"
Joice Hasselmann,Deputada Federal,Titular em exercício,1.078.666,UNIÃO,SP,Sudeste,fev-2019/jan-2023,42,@joicehasselmann,345.824,Joice Hasselmann,1.793.007,@joicehasselmannoficial,909 mil,UCgfV9J6FuOXaJnp-UuNRydA,https://www.youtube.com/channel/UCgfV9J6FuOXaJnp-UuNRydA,875.000,,"Joice Hasselmann, joicehasselmannoficial, Joyce Hasselmann,  Joyce Haselmann, Joyce Haselman, Joice Haselmann, Joice Haselman, Joice Hassellmman, Joice Halsemann, Joyce Halsemann, Joyce Hasselman"
Lauriete Malta,Deputada Federal,Titular em exercício,51.983,PSC,ES,Sudeste,fev-2019/jan-2023,51,@laurietecantora,158.943,Deputada Federal Lauriete ,118.510,@deputada.lauriete,10 mil,Não tem,,,,"Lauriete Malta, deputada.lauriete, Deputada Federal Lauriete, laurietecantora, Lauriette Malta, Lauriete Matta, Lauriete Mata, Laurete Malta"
Leandre Dal Ponte,Deputada Federal,Titular em exercício,123.958,PV,PR,Sul,fev-2019/jan-2023,45,@deputadaleandre,7,Leandre Dal Ponte ,16.468,@leandredalponte,5.623,UCzdWH5useGalibpneaWTC8A,https://www.youtube.com/c/DeputadaLeandreDalPonte/videos,558,,"Leandre Dal Ponte, DeputadaLeandreDalPonte, leandredalponte, deputadaleandre, Leandre, Leandra Dal Ponte        Lenadra Dal Ponte        Leandre da Ponte"
Leda Sadala,Deputada Federal,Titular em exercício,11.301,AVANTE,AP,Norte,fev-2019/jan-2023,54,@dep_ledasadala,1.464,Leda Sadala ,4.226,@dep_ledasadala,3.419,UCljsZJnAxb2-a7qnvttqDTQ,https://www.youtube.com/channel/UCljsZJnAxb2-a7qnvttqDTQ/videos,51,,"Leda Sadala, dep_ledasadala, Leda Sadalla, Leda Salada"
Lídice da Mata,Deputada Federal,Titular em exercício,104.348,PSB,BA,Nordeste,fev-2019/jan-2023,65,@lidicedamata,51.076,Lídice da Mata ,78.935,@lidicedamata,"29,9 mil",UCtvqYQdsoL-n0MXR_8_dx4A,https://www.youtube.com/user/lidicedamata/videos,190,,"Lídice da Mata, Lídice Mata        Lídice da Matta        Lídice Matta        Lidise da Mata"
Liziane Bayer,Deputada Federal,Titular em exercício,52.977,PSB,RS,Sul,fev-2019/jan-2023,40,@LizianeBayer,3.158,Liziane Bayer ,22.978,@lizianebayeroficial,"15,9 mil",UC_vxCqbB1nOt2MDOxIirmTw,https://www.youtube.com/channel/UC_vxCqbB1nOt2MDOxIirmTw,519,,"Liziane Bayer, lizianebayeroficial, Lizziane Bayer, Lizziane Baier        Lisiane Bayer, Lisiane Baier, Liziane Baier"
Luisa Canziani,Deputada Federal,Titular em exercício,90.249,PTB,PR,Sul,fev-2019/jan-2023,24,@luisa_canziani,3.261,Luísa Canziani ,43.862,@luisa_canziani,"24, 7 mil",UCeSk5PXK_hUClUyv31J68MA,https://www.youtube.com/c/LuisaCanzianiOficial/videos,145,,"Luisa Canziani, LuisaCanzianiOficial, Luiza Canziani        Luiza Cansiani        Luisa Cansiani        Luisa Canciani"
Luiza Erundina,Deputada Federal,Titular em exercício,176.883,PSOL,SP,Sudeste,fev-2019/jan-2023,86,@luizaerundina,303.976,Luiza Erundina ,307.944,@luizaerundina,392 mil,UCoaKdVCVAZZm6ICdbi_i99Q,https://www.youtube.com/user/deputadluizaerundina,3.330,,"Luiza Erundina, deputadluizaerundina, Luisa Erundina, Erundina, Luiza Erondina, Luisa Erondina"
Luizianne Lins,Deputada Federal,Titular em exercício,,PT,CE,Nordeste,,,,,,,,,UCnm3dVhAbABhHogNn2sgtDA,https://www.youtube.com/user/1313luizianne,1.850,,"Luizianne Lins, luiziannelinspt, LuizianneLinsPT, Luiziane Lins, Luiziani Lins, Luizianni Lins, Lizianne Lins, Liziane Lins"
Magda Mofatto,Deputada Federal,Titular em exercício,83.420,PL,GO,Centro-Oeste,fev-2019/jan-2023,72,@MofattoMagda,300,Magda Mofatto,76.114,@magdamofatto.goias,"50,1 mil",UCnULMGxMdh8i5gRLtMvPPgA,https://www.youtube.com/channel/UCnULMGxMdh8i5gRLtMvPPgA,3,,"Magda Mofatto, magdamofatto.goias, Magda Mofato, Magda Mofado"
Major Fabiana,Deputada Federal,Titular em exercício,57.611,UNIÃO,RJ,Sudeste,fev-2019/jan-2023,41,@majorfabianadep,130.947,Major Fabiana ,39.102,@majorfabianadepfed,145 mil,UC-APcV0heIVxmq82GXv7hAg,https://www.youtube.com/channel/UC-APcV0heIVxmq82GXv7hAg,947,,"Major Fabiana, majorfabianadepfed, Mj Fabiana, majorfabianadep"
Mara Rocha,Deputada Federal,Titular em exercício,40.047,PSDB,AC,Norte,fev-2019/jan-2023,47,@mararocha4545,357,Mara Rocha,13.458,@mararochaoficial,9.596,Não tem,,,,"Mara Rocha, mararochaoficial, mararocha4545, Deputada Mara Rocha"
Margarete Coelho,Deputada Federal,Titular em exercício,76.246,PROGRESSISTAS,PI,Nordeste,fev-2019/jan-2023,60,@MargaretCoelho,3.039,Margarete Coelho ,17.883,@margaretecoelho,"35,4 mil",UCBgAntt68qby62jGIQrq0WQ,https://www.youtube.com/channel/UCBgAntt68qby62jGIQrq0WQ/videos,49,,"Margarete Coelho, Margarette Coelho, Margarett Coelho, Margareth Coelho, Margareti Coelho, Margaret Coelho"
Maria do Rosário,Deputada Federal,Titular em exercício,97.303,PT,RS,Sul,fev-2019/jan-2023,54,@mariadorosario,398.514,Maria do Rosário ,361.978,@_mariadorosario,158 mil,UCPXyBJmPbkonFT1MQuSrjsQ,https://www.youtube.com/user/mariadorosariopt,2.540,,"Maria do Rosário, mariadorosariopt, Maria Rosário"
Maria Rosas,Deputada Federal,Titular em exercício,71.745,REPUBLICANOS,SP,Sudeste,fev-2019/jan-2023,55,@mariarosassp,1.589,Maria Rosas ,10.983,@mariarosas.oficial,"24,2 mil",UCWIJ_PIc4AsfR_LlBxSILSA,https://www.youtube.com/channel/UCWIJ_PIc4AsfR_LlBxSILSA,190,,"Maria Rosas, mariarosas.oficial, mariarosassp"
Mariana Carvalho,Deputada Federal,Titular em exercício,38.776,PSDB,RO,Norte,fev-2019/jan-2023,34,@DeputadaMariana,7.088,Mariana Carvalho ,73.755,@marianacarvalho4545,"65,5 mil",Não tem,,,,"Mariana Carvalho, marianacarvalho4545, DeputadaMariana, Maryana Carvalho, Marianna Carvalho "
Marília Arraes,Deputada Federal,Titular em exercício,193.108,PT,PE,Nordeste,fev-2019/jan-2023,36,@MariliaArraes,70.107,Marília Arraes ,141.090,@mariliaarraes,173 mil,UCMygck8SGte9ZtudThgwxDQ,https://www.youtube.com/c/Mar%C3%ADliaArraesPE/videos,.3.160,,"Marília Arraes, MaríliaArraesPE, Marilia Arrais        Marílha Arrais        Marilha Arraes        Marilía Araes        Marília Arais"
Marina Santos,Deputada Federal,Titular em exercício,70.828,SOLIDARIEDADE,PI,Nordeste,fev-2019/jan-2023,40,-,-,Dra Marina ,7.025,dra.marinasantos,"12,3 mil",Não tem,,,,"Marina Santos, Dra Marina "
Natália Bonavides,Deputada Federal,Titular em exercício,112.998,PT,RN,Nordeste,fev-2019/jan-2023,32,@natbonavides,52.056,Natália Bonavides ,45.026,@nataliabonavides,"63, 9 mil",UC4SZ1UNy6t9Mz99In-Rt1tw,https://www.youtube.com/channel/UC4SZ1UNy6t9Mz99In-Rt1tw,2.890,,"Natália Bonavides, natbonavides, Nathalia Bonavides, Nathalya Bonavides, Natalya Bonavides, Natalia Bonavinde, Natalya Bonavinde, Nathalya Bonavinde, Nathalia Bonavinde, Natália Bonavide, Nathália Bonavide, Nathalya Bonavide, Natalya Bonavide"
Norma Ayub,Deputada Federal,Titular em exercício,57.156,UNIÃO,ES,Sudeste,fev-2019/jan-2023,61,-,-,Norma Ayub ,14.452,@deputadanormaayub,"12,6 mil",UCtJFwYUBxNAiLNTqvUh9eSQ,https://www.youtube.com/channel/UCtJFwYUBxNAiLNTqvUh9eSQ,12,,"Norma Ayub, deputadanormaayub, Norma Aiub        Norma Ahiub        Norma Ahyub"
Paula Belmonte,Deputada Federal,Titular em exercício,45.287,CIDADANIA,DF,Centro-Oeste,fev-2019/jan-2023,47,@paulabelmonte,21.839,Paula Belmonte ,254.933,@paulabelmonteoficial,"62,7 mil",UCVw8ykZEHdvNCu0JLsvpfIA,https://www.youtube.com/c/PaulaBelmonteoficial/videos,13.600,,"Paula Belmonte, PaulaBelmonteoficial, Paulla Belmonte        Paula Beomonte        Paula Belmomte        Paula Belomonte        Paula Bellmonte        Paula Belmonti"
Perpétua Almeida,Deputada Federal,Titular em exercício,18.374,PCdoB,AC,Norte,fev-2019/jan-2023,55,@perpetua_acre,18.381,Perpétua Almeida ,64.905,@perpetua_acre,"12, 2 mil",UComzZKuRHa89DmM5DM_whVA,https://www.youtube.com/user/deputadaperpetua,19,,"Perpétua Almeida, deputadaperpetua, perpetua_acre, Perpétua Acre        Perpéta Acre        Perpéta Almeida"
Policial Katia Sastre,Deputada Federal,Titular em exercício,264.013,PL,SP,Sudeste,fev-2019/jan-2023,45,@KatiaSastre,13.545,Policial Katia Sastre ,22.365,@policialkatiasastre,"36,5 mil",UCYjxKh5VZHt0ZbcFE7Jb3Hw,https://www.youtube.com/channel/UCYjxKh5VZHt0ZbcFE7Jb3Hw,297,,"Policial Katia Sastre, KatiaSastre, Catia Sastre, Katia Satre, Policial Catia Sastre, Policial Katia Satre"
Dayane Pimentel,Deputada Federal,Titular em exercício,136.742,UNIÃO,BA,Nordeste,fev-2019/jan-2023,34,@deppimentel,46.360,Professora Dayane Pimentel ,171.846,@professoradayanepimentel,148 mil ,UCJfx38MAnPjNihMIECOAczg,https://www.youtube.com/channel/UCJfx38MAnPjNihMIECOAczg,1.046,,"Prof. Dayane Pimentel, professoradayanepimentel, deppimentel, Dayane Pimentel        Daiane Pimentel        Professora Daiane Pimentel        Professora Dayane Pimentel        "
Marcivânia Flexa,Deputada Federal,Titular em exercício,14.196,PCdoB,AP,Norte,fev-2019/jan-2023,47,@profmarcivania,6.098,Professora Marcivânia,15.285,@profmarcivania,4.076,Não tem,,,,"Prof. Marcivânia Flexa, profmarcivania, Marcivânia        Marcivâna        Professora Marcivâna        Marsivania        Marcilvânia Flecha"
Dorinha,Deputada Federal,Titular em exercício,48.008,UNIÃO,TO,Norte,fev-2019/jan-2023,56,@profdorinha,7.473,Professora Dorinha ,21.973,@profdorinha,"15,1 mil",UCszxmXXxzPjOBXowUIF8BZg,https://www.youtube.com/channel/UCszxmXXxzPjOBXowUIF8BZg,79,,"Professora Dorinha, profdorinha, Dorinha, Prof Dorinha"
Rosa Neide,Deputada Federal,Titular em exercício,51.015,PT,MT,Centro-Oeste,fev-2019/jan-2023,57,@prof_rosaneide,10.083,Professora Rosa Neide ,21.090,@prof_rosaneide,7.698,UC4CfnB9C6PN_RHQJ0gEgXNw,https://www.youtube.com/channel/UC4CfnB9C6PN_RHQJ0gEgXNw,142,,"Professora Rosa Neide, prof_rosaneide, Rosa Neide        Rosaneide        Prof. Rosa Neide        Rosa Neidi"
Rejane Dias,Deputada Federal,Titular em exercício,138.697,PT,PI,Nordeste,fev-2019/jan-2023,48,@rejane_dias,7.043,Rejane Dias ,37.356,@rejane.dias,"63,3 mil",Não tem,,,,"Rejane Dias, rejane_dias, Regiane Dias, Rejiani Dias"
Renata Abreu,Deputada Federal,Titular em exercício,161.239,PODEMOS,SP,Sudeste,fev-2019/jan-2023,38,@RenataAbreu1919,5.058,Renata Abreu ,169.288,@renataabreu1919,"29,9 mil",UCLWs_4VaAURKXjNPmpVhIgQ,https://www.youtube.com/channel/UCLWs_4VaAURKXjNPmpVhIgQ,549,,"Renata Abreu, renataabreu1919"
Rosana Valle,Deputada Federal,Titular em exercício,106.100,PSB,SP,Sudeste,fev-2019/jan-2023,49,@DepRosanaValle,3.209,Rosana Valle ,119.303,@rosanavalleoficial,"59,9 mil",UCoiIg7-jlQtJX3CCgOceQbA,https://www.youtube.com/channel/UCoiIg7-jlQtJX3CCgOceQbA,675,,"Rosana Valle, rosanavalleoficial, DepRosanaValle, Rosana Vale        Rosane Valle, Rosane Vale"
Rosângela Gomes,Deputada Federal,Titular em exercício,63.952,REPUBLICANOS,RJ,Sudeste,fev-2019/jan-2023,54,@rosangelasgomes,2.826,Rosangela Gomes ,54.515,@deputadarosangelagomes,"20,8 mil",UCxstq6uT2GmAFPzfV2raXdg,https://www.youtube.com/channel/UCxstq6uT2GmAFPzfV2raXdg,171,,"Rosângela Gomes, deputadarosangelagomes, rosangelasgomes, "
Rose Modesto,Deputada Federal,Titular em exercício,119.799,PSDB,MS,Centro-Oeste,fev-2019/jan-2023,42,@rosemodestoms,744,Rose Modesto ,50.745,@rosemodestoms,"23,5 mil",Não tem,,,,"Rose Modesto, rosemodestoms, Rose Modestto        Rosi Modesto"
Sâmia Bomfim,Deputada Federal,Titular em exercício,249.887,PSOL,SP,Sudeste,fev-2019/jan-2023,31,@samiabomfim,391.666,Sâmia Bomfim ,431.139,@samiabomfim,362 mil,UC_tks9vJP0qsjCUHmOWq08g,https://www.youtube.com/channel/UC_tks9vJP0qsjCUHmOWq08g,22.900,,"Sâmia Bomfim, Sâmia Bonfim        Sâmia Bonfin        Sâmia Bomfin        Samia Bom Fim"
Shéridan,Deputada Federal,Titular em exercício,12.024,PSDB,RR,Norte,fev-2019/jan-2023,36,@DepSheridan,43.409,Shéridan Oliveira ,72.988,@deputadasheridan,111 mil,UCuJL0QtppYsKH6KMnvaNN-Q,https://www.youtube.com/user/sheridan4545,801,,"Shéridan, sheridan4545, deputadasheridan, Shéridan Oliveira, DepSheridan, Séridan Oliveira, Cheridan Oliveira        Cheridan, Cheridam        Seridam, Sheridam         Sherydam, Sherida"
Silvia Cristina,Deputada Federal,Titular em exercício,33.038,PDT,RO,Norte,fev-2019/jan-2023,47,@silviacristinax,413,Silvia Cristina ,19.008,@silviacristina.ro,9.704,UCDneHIIe---DIVW4AeG9luA,https://www.youtube.com/channel/UCDneHIIe---DIVW4AeG9luA,71,,"Silvia Cristina, silviacristina.ro, silviacristinax, Silvia Christina"
Soraya Santos,Deputada Federal,Titular em exercício,48.328,PL,RJ,Sudeste,fev-2019/jan-2023,62,@sorayasantos,2.356,Soraya Santos ,19.475,@dep.sorayasantos,8.540,Não tem,,,,"Soraya Santos, Soraia Santos, dep.sorayasantos"
Tabata Amaral,Deputada Federal,Titular em exercício,264.450,PDT,SP,Sudeste,fev-2019/jan-2023,27,@tabataamaralsp,330.063,Tabata Amaral ,402.971,@tabataamaralsp,614 mil,UCWcx5M5negY_kqSawo2bjZQ,https://www.youtube.com/channel/UCWcx5M5negY_kqSawo2bjZQ,11.800,,"Tabata Amaral, tabataamaralsp, Thabata Amaral        Tabita Amaral        Taubata Amaral"
Talíria Petrone,Deputada Federal,Titular em exercício,107.317,PSOL,RJ,Sudeste,fev-2019/jan-2023,35,@taliriapetrone,244.054,Talíria Petrone ,87.820,@taliriapetrone,257 mil,UCr_85T4z-xSLz_sIXbX-wtg,https://www.youtube.com/channel/UCr_85T4z-xSLz_sIXbX-wtg,210,,"Talíria Petrone, Taliria Petroni        Taliria        Talira Petrone        Talira Petroni            Talíria Peltrone, Talira Peltrone"
Tereza Nelma,Deputada Federal,Titular em exercício,44.207,PSDB,AL,Nordeste,fev-2019/jan-2023,63,@terezanelmaal,133,Tereza Nelma ,16.016,@terezanelmaal,"13, 6 mil",UCrqBMtZOQNHUPnb8Y-gF9XA,https://www.youtube.com/channel/UCrqBMtZOQNHUPnb8Y-gF9XA,537,,"Tereza Nelma, terezanelmaal, Thereza Nelma        Theresa Nelma        Teresa Nelma        Tereza Neuma        Teresa Neuma"
Tia Eron,Deputada Federal,Suplente em exercício ,69.153,REPUBLICANOS,BA,Nordeste,março-2021/jan-2023,48,@TiaEron,4.529,Tia Eron ,52.723,@tiaeron,"16, 2 mil",UCc76-jHsn4ZxgObLp2kH_tg,https://www.youtube.com/user/TiaEron/videos,3.006,,"Tia Eron, Tia Erom, Eronilde Vasconcelos        Eronilde Vasconcellos"
Vanda Milani,Deputada Federal,Titular em exercício,22.219,SOLIDARIEDADE,AC,Norte,fev-2019/jan-2023,67,@MilaniVanda,5,-,-,@vandamilani_,1.918,UC0B0q2uJQpzZm8ejTqkiqzw,https://www.youtube.com/channel/UC0B0q2uJQpzZm8ejTqkiqzw/videos,2,,"Vanda Milani, MilaniVanda, Vanda Millani        Wanda Milani        Wanda Millani, Dr. Vanda Milani"
Vivi Reis,Deputada Federal,Efetivado em exercício,22.297,PSOL,PA,Norte,2020/jan-2023,29,@vivireispsol,14.827,Vivi Reis ,9.035,@vivireispsol,"25,4 mil",Não tem,,,,"Vivi Reis, vivireispsol, Viviane Reis"
Eliane Nogueira,Senadora,Suplente em exercício ,,PROGRESSISTAS,PI,Nordeste,,,,,,,,,Não tem,,,,"Eliane Nogueira, elianenogueiral, Elliane Nogueira, mãe do Ciro Nogueira"
Daniella Ribeiro,Senadora,Titular em exercício,,PROGRESSISTAS,PB,Nordeste,2019/2023,,@soudaniella111,14.500,Daniella 111,26.006,@daniellasenadora,66.9 mil,UCRIM6jh_837E4Snng6Teqjw,https://www.youtube.com/channel/UCRIM6jh_837E4Snng6Teqjw,,,"Daniela Ribeiro, soudaniella111, daniellasenadora, Daniella Ribeiro, Daniella Ribero, Daniela Ribero, Danyela Ribeiro, Danyela Ribero"
Eliziane Gama,Senadora,Titular em exercício,,CIDADANIA,MA,Nordeste,2019/2027,,@elizianegama,22.7,Eliziane Gama,45.186,@elizianegama,39.8,Não tem,,,,"Elziane Gama, Elsiane Gama, Elzeane Gama, Elseana Gama, Elisiane Gama, Elisiani Gama, Ellisiane Gama, Ellisiani Gama, Elliziane Gama, Elliziani Gama"
Katia Abreu,Senadora,Titular em exercício,,PROGRESSISTAS,TO,Norte,2015/2023,,@KatiaAbreu,163.6,Kátia Abreu,123.789,@senadorakatiaabreu,44.200,UCa8C78VPlVtvEnLD3WrllHA,https://www.youtube.com/user/senadorakatiaabreu,2.830,,"Katia Abreu, senadorakatiaabreu, katiaabreuoficial, Catia Abreu"
Leila Barros,Senadora,Titular em exercício,,PSB,DF,Centro-Oeste,2019/2023,,--,--,Leila do Vôlei,46.430,@leiladovolei,39.800,UCuJO6q8yk5NBgX3RjU9ZMSQ,https://www.youtube.com/channel/UCuJO6q8yk5NBgX3RjU9ZMSQ,1.400,https://leiladovolei.com.br/,"Leila Barros, Leila do volei"
Mailza Gomes,Senadora,Titular em exercício,,PROGRESSISTAS,AC,Norte,2015/2023,,@MailzaGomes,8.235,Mailza Gomes,9.519,@senadoramailzagomes,14.100,UCbAPFbWAr4Cy8H1F4geP2TQ,https://www.youtube.com/channel/UCbAPFbWAr4Cy8H1F4geP2TQ,50,,"Mailza Gomes, senadoramailzagomes, mailzagomes11, Mailsa Gomes, Maliza Gomes, Malisa Gomes"
Nilda Gondim,Senadora,Titular em exercício,,MDB,PB,Nordeste,2015/2023,,@nildagondimpb,4.814,Senadora Nilda Gondim,616,@senadoranildagondim,4.508,UCHS2CUjtbkfXM8fBOHK8eQw,https://www.youtube.com/channel/UCHS2CUjtbkfXM8fBOHK8eQw,1,,"Nilda Gondim, senadoranildagondim, nildagondimpb, Nilda Gomdim, Nilda Gomdin"
Simone Tebet,Senadora,Titular em exercício,,MDB,MS,Centro-Oeste,2015/2023,,@SimoneTebetms,189.8,Simone Tebet,150.534,@simonetebet,32.100,UCIUrDYfCO0lMmuseV-wbRZQ,https://www.youtube.com/user/simonetebetms,Não consta,https://simonetebet.com.br/,"Simone Tebet, simonetebetms, Simone Tebeti, Simone Tebett"
Soraya Thronicke,Senadora,Titular em exercício,,UNIÃO,MS,Centro-Oeste,2019/2027,,@SorayaThronicke,130.2,Soraya Thronicke,71.104,@sorayathronicke,91.000,UCU0A7TGU0Evi_nDusL05hig,https://www.youtube.com/channel/UCU0A7TGU0Evi_nDusL05hig,339,https://www.sorayathronicke.com.br/,"Soraya Thronicke, senadorasorayathronicke, Soraia Thronicke, Soraya Tronicke, Soraya Trhonicke, Soraya Thronick, Soraya Thronic, Soraya Thronik, Soraia Tronicke, Soraia Trhonicke, Soraia Thronick, Soraia Thronic, Soraia Thronik"
Zenaide Maia,Senadora,Titular em exercício,,PROS,RN,Nordeste,2019/2027,,@zenaidern,3.626,Zenaide Senadora,38.809,@senadorazenaidemaia,41.500,UCv7wMAzurR0uhsMfPp8c0ZA,https://www.youtube.com/user/zenaidemaia2222,218,https://linktr.ee/redeszenaide,"Zenaide Maia, zenaidern, senadorazenaidemaia, Zenaide de maia"
Rose de Freitas,Senadora,Titular em exercício,,PMB,ES,Sudeste,2015-2023,,@SenadoraRose,21.600,@senadorarosedefreitas,22.918,@senadorarosedefreitas,6.274,UCRVCDd3w-MIRuY8hgrq7QHw,https://www.youtube.com/user/rosedefreitas,2.018,senadorarosedefreitas.com.br,"Rose de Freitas, senadorarosedefreitas, SenadoraRose, Rosy de Freitas; Rosi de Freitas"
Mara Gabrilli,Senadora,Titular em exercício,,PSDB,SP,Sudeste,2019/2027,,@maragabrilli,58.300,@maragabrilli,271.933,@maragabrilli,82.000,UCYrqwzaxLjlrsjfVghGKsug,https://www.youtube.com/user/maragabrilli,5550,https://maragabrilli.com.br/,"Mara Gabrilli, maragabrilli, Mara Gabrili; Mara Marili; Mara Gabili; Mara Gabyli; Mara Gabrylli; Mara Gabrilly; Mara Gabrily"
